Name,ProjectImage,CreatedAt,UpdatedAt,Creater
Matsoft,matsoft.png,5/4/2021,12/23/2023,665f39f9eef319f64ee080f6
Vagram,vagram.png,2/8/2020,10/30/2023,665f39f9eef319f64ee080f6
Zontrax,zontrax.png,5/13/2022,7/22/2023,665f39f9eef319f64ee080f6
Bamity,bamity.png,10/24/2021,7/7/2024,665f39f9eef319f64ee080f6
Cookley,cookley.png,1/13/2021,5/7/2024,665f39f9eef319f64ee080f6
Mat Lam Tam,mat lam tam.png,8/11/2021,3/4/2024,665f39f9eef319f64ee080f6
Greenlam,greenlam.png,6/27/2022,1/13/2023,665f39f9eef319f64ee080f6
Cookley,cookley.png,1/11/2020,4/4/2023,665f39f9eef319f64ee080f6
Latlux,latlux.png,11/26/2021,3/1/2023,665f39f9eef319f64ee080f6
Latlux,latlux.png,3/7/2020,2/17/2024,665f39f9eef319f64ee080f6
