Name,Email,Password
Joelie Graddell,jgraddell0@howstuffworks.com,54373passer32
Betti Burgyn,bburgyn1@discuz.net,54373passer32
Dee dee Oubridge,ddee2@cyberchimps.com,54373passer32
Brandyn MacKinnon,bmackinnon3@google.ru,54373passer32
Heida Coventry,hcoventry4@vinaora.com,54373passer32
Finley Odgaard,fodgaard5@sohu.com,54373passer32
Karoline Hamlen,khamlen6@nydailynews.com,54373passer32
Quentin Itzhayek,qitzhayek7@japanpost.jp,54373passer32
Neron Fife,nfife8@marriott.com,54373passer32
Delilah Srutton,dsrutton9@yale.edu,54373passer32
Saundra Le Pine,slea@usgs.gov,54373passer32
Hunt Wilflinger,hwilflingerb@printfriendly.com,54373passer32
Tatiania Bassindale,tbassindalec@buzzfeed.com,54373passer32
Anestassia Hune,ahuned@bbc.co.uk,54373passer32
Christoforo Callister,ccallistere@usgs.gov,54373passer32
Shirlene Crossingham,scrossinghamf@typepad.com,54373passer32
Norrie Locksley,nlocksleyg@nydailynews.com,54373passer32
Gilburt Eadington,geadingtonh@wunderground.com,54373passer32
Trenna Biasotti,tbiasottii@livejournal.com,54373passer32
Aline Matoshin,amatoshinj@chicagotribune.com,54373passer32
Gilles Freen,gfreenk@shutterfly.com,54373passer32
Renado Cortes,rcortesl@angelfire.com,54373passer32
Anastasie Dewhirst,adewhirstm@va.gov,54373passer32
Fabien Doerrling,fdoerrlingn@ning.com,54373passer32
Emmi Bonafant,ebonafanto@theguardian.com,54373passer32
Betsy Lathe,blathep@dot.gov,54373passer32
Quintin Oade,qoadeq@mlb.com,54373passer32
Rosetta McEvoy,rmcevoyr@jiathis.com,54373passer32
Tamra Tolmie,ttolmies@businessweek.com,54373passer32
Carmelita Schimonek,cschimonekt@people.com.cn,54373passer32
